{"cameraMode":{"drawMode":0,"name":"Shaded","section":"Shading Mode"},"sceneLighting":false,"audioPlay":false,"sceneViewState":{"m_AlwaysRefresh":false,"showFog":true,"showSkybox":false,"showFlares":true,"showImageEffects":true,"showParticleSystems":true,"showVisualEffectGraphs":true,"m_FxEnabled":true},"in2DMode":false,"pivot":{"x":-149.1950225830078,"y":47.923667907714847,"z":370.0653076171875},"rotation":{"x":-0.027293385937809945,"y":-0.030885610729455949,"z":0.0008407148416154087,"w":-0.9991626143455505},"size":0.21650634706020356,"orthographic":false}