{"cameraMode":{"drawMode":0,"name":"Shaded","section":"Shading Mode"},"sceneLighting":false,"audioPlay":false,"sceneViewState":{"m_AlwaysRefresh":false,"showFog":true,"showSkybox":false,"showFlares":true,"showImageEffects":true,"showParticleSystems":true,"showVisualEffectGraphs":true,"m_FxEnabled":false},"in2DMode":false,"pivot":{"x":-149.3000030517578,"y":48.01299285888672,"z":370.23040771484377},"rotation":{"x":-0.07036563754081726,"y":-0.04636809602379799,"z":-0.003274146933108568,"w":0.9964398741722107},"size":0.21650634706020356,"orthographic":false}